Model,Parameters,Accuracy,PrecisionRise,PrecisionFall,RecallRise,RecalFall,F1Rise,F1Fall
Random Forest,"window_size: 0 , max_depth: 5 ,min_samples_split: 2 ,min_samples_leaf: 1",0.5876143560872625,0.6153846153846154,0.5562218890554723,0.6105263157894737,0.5612708018154312,0.6129458388375164,0.5587349397590362
Random Forest,"window_size: 0 , max_depth: 5 ,min_samples_split: 2 ,min_samples_leaf: 2",0.5679099225897255,0.5935897435897436,0.5366614664586583,0.6092105263157894,0.5204236006051437,0.6012987012987013,0.5284178187403994
Random Forest,"window_size: 0 , max_depth: 5 ,min_samples_split: 2 ,min_samples_leaf: 3",0.5756509500351865,0.5984943538268507,0.5464743589743589,0.6276315789473684,0.5158850226928896,0.6127167630057803,0.5307392996108949
Random Forest,"window_size: 0 , max_depth: 5 ,min_samples_split: 2 ,min_samples_leaf: 4",0.573539760731879,0.6,0.5422427035330261,0.6078947368421053,0.5340393343419062,0.603921568627451,0.538109756097561
Random Forest,"window_size: 0 , max_depth: 5 ,min_samples_split: 2 ,min_samples_leaf: 5",0.5819845179451091,0.6080729166666666,0.5513016845329249,0.6144736842105263,0.5446293494704992,0.6112565445026178,0.5479452054794519
Random Forest,"window_size: 0 , max_depth: 5 ,min_samples_split: 3 ,min_samples_leaf: 1",0.573539760731879,0.5936739659367397,0.5459098497495827,0.6421052631578947,0.4947049924357035,0.6169405815423515,0.5190476190476191
Random Forest,"window_size: 0 , max_depth: 5 ,min_samples_split: 3 ,min_samples_leaf: 2",0.58972554539057,0.6133162612035852,0.5609375,0.6302631578947369,0.5431164901664145,0.6216742375081116,0.5518831667947731
Random Forest,"window_size: 0 , max_depth: 5 ,min_samples_split: 3 ,min_samples_leaf: 3",0.5707248416608023,0.596401028277635,0.5396578538102644,0.6105263157894737,0.5249621785173979,0.6033810143042913,0.5322085889570551
